epoch,train_loss
1,1.4321965376536052
2,1.1574356476465861
3,0.889656130472819
4,0.6424492557843526
5,0.45621742606163024
6,0.3696088155110677
7,0.3259003778298696
8,0.2977340996265411
9,0.2812732756137848
10,0.28073911666870116
11,0.27012073397636416
12,0.2915328274170558
13,0.2760252942641576
14,0.26115681827068327
15,0.25998040835062664
16,0.26124812563260397
17,0.25088135798772176
18,0.24662249386310578
19,0.2486998567978541
20,0.23953715761502584
